{
  "check": "consistency",
  "model_id": "distilbert-base-uncased-finetuned-sst-2-english",
  "layer": "last",
  "total_samples": 200,
  "used_samples": 190,
  "mean_kendall_tau": 0.8825742271227137,
  "std_kendall_tau": 0.1484387333337469,
  "mean_top_k_overlap": 0.9552631578947368,
  "std_top_k_overlap": 0.07711020282363018,
  "mean_cosine_similarity": 0.9745235472325925,
  "std_cosine_similarity": 0.05177843021251618,
  "mean_aligned_tokens": 19.431578947368422,
  "replace_prob": 0.1
}