{
  "check": "ig_alignment",
  "model_id": "distilbert-base-uncased-finetuned-sst-2-english",
  "layer": "last",
  "total_samples": 200,
  "used_samples": 200,
  "mean_kendall_tau": 0.19136476559432822,
  "std_kendall_tau": 0.21950578067923865,
  "mean_top_k_overlap": 0.6785000000000001,
  "std_top_k_overlap": 0.2286651481970963,
  "mean_cosine_similarity": 0.5779196678392345,
  "std_cosine_similarity": 0.24009178091957578,
  "mean_aligned_tokens": 19.545
}