{
  "total_samples": 200,
  "used_samples": 200,
  "fractions": [
    0.1,
    0.2,
    0.30000000000000004,
    0.4,
    0.5,
    0.6000000000000001,
    0.7000000000000001,
    0.8,
    0.9,
    1.0
  ],
  "mask_strategy": "mask",
  "step_fraction": 0.1,
  "random_repeats": 5,
  "aopc_comprehensiveness_mean": 0.48140624894294165,
  "aopc_comprehensiveness_std": 0.23208978439610883,
  "aopc_sufficiency_mean": 0.04146661528409459,
  "aopc_sufficiency_std": 0.11164363608163654,
  "random_aopc_comprehensiveness_mean": 0.26624754346722473,
  "random_aopc_comprehensiveness_std": 0.14293902433089561,
  "random_aopc_sufficiency_mean": 0.18270956327882593,
  "random_aopc_sufficiency_std": 0.1271949960478415,
  "mean_comprehensiveness_curve": [
    0.25356337123273986,
    0.3664989082398097,
    0.4473212783054623,
    0.46925859055671026,
    0.5197179940866772,
    0.585634573938296,
    0.5630591184494551,
    0.5858240070973989,
    0.5320807765051723,
    0.4911038710176945
  ],
  "mean_sufficiency_curve": [
    0.12425408913288266,
    0.08282391231041401,
    0.04676836034283042,
    0.046409784181742,
    0.025600576036376877,
    0.028948778558988125,
    0.028450166771654038,
    0.020212014932185413,
    0.011198470573872328,
    0.0
  ],
  "mean_random_comprehensiveness_curve": [
    0.06458261687780036,
    0.10302982190249894,
    0.1423411727335624,
    0.16801226205803688,
    0.21105696951640135,
    0.2667048972267366,
    0.3256942124039925,
    0.40658031889027896,
    0.48336929204524504,
    0.4911038710176945
  ],
  "mean_random_sufficiency_curve": [
    0.4409091125134728,
    0.3605999382441514,
    0.2864126986475893,
    0.2348414977781068,
    0.17639426549583742,
    0.12636679890113006,
    0.09521951795498904,
    0.07293914448986472,
    0.033412658763118074,
    0.0
  ]
}