{
  "check": "consistency",
  "model_id": "distilbert-base-uncased-finetuned-sst-2-english",
  "total_samples": 200,
  "used_samples": 189,
  "mean_kendall_tau": 0.4641657567430996,
  "std_kendall_tau": 0.23698755897940013,
  "mean_top_k_overlap": 0.7804232804232805,
  "std_top_k_overlap": 0.17209518311276026,
  "mean_cosine_similarity": 0.8540025272447421,
  "std_cosine_similarity": 0.1462965233708602,
  "mean_aligned_tokens": 17.761904761904763,
  "replace_prob": 0.1,
  "num_samples": 500,
  "max_features": null
}