{
  "check": "consistency",
  "model_id": "distilbert-base-uncased-finetuned-sst-2-english",
  "layer": "last",
  "total_samples": 200,
  "used_samples": 200,
  "flip_count": 4,
  "flip_rate": 0.02,
  "groups": {
    "no_flip": {
      "used_samples": 196,
      "mean_kendall_tau": 0.8934907155504974,
      "std_kendall_tau": 0.14493384910940554,
      "mean_top_k_overlap": 0.9505102040816327,
      "std_top_k_overlap": 0.07791770186051213,
      "mean_cosine_similarity": 0.9758143698653905,
      "std_cosine_similarity": 0.05072456247907897,
      "mean_aligned_tokens": 19.428571428571427
    },
    "flip": {
      "used_samples": 4,
      "mean_kendall_tau": 0.7915784598543218,
      "std_kendall_tau": 0.12270147034032172,
      "mean_top_k_overlap": 0.9249999999999999,
      "std_top_k_overlap": 0.04330127018922192,
      "mean_cosine_similarity": 0.9577150850687663,
      "std_cosine_similarity": 0.04241070737865588,
      "mean_aligned_tokens": 21.5
    }
  },
  "replace_prob": 0.1
}