{
  "check": "ig_alignment",
  "model_id": "distilbert-base-uncased-finetuned-sst-2-english",
  "layer": "last",
  "total_samples": 200,
  "used_samples": 200,
  "mean_kendall_tau": 0.20252474057769362,
  "std_kendall_tau": 0.21142180512762085,
  "mean_top_k_overlap": 0.6920000000000001,
  "std_top_k_overlap": 0.2150255798736513,
  "mean_cosine_similarity": 0.5746017880039588,
  "std_cosine_similarity": 0.2503726823478076,
  "mean_aligned_tokens": 19.58
}