{
  "total_samples": 200,
  "used_samples": 200,
  "flip_count": 4,
  "flip_rate": 0.02,
  "groups": {
    "no_flip": {
      "used_samples": 196,
      "mean_kendall_tau": 0.7809100221195313,
      "std_kendall_tau": 0.2314155324668112,
      "mean_top_k_overlap": 0.9035714285714287,
      "std_top_k_overlap": 0.12631956559876711,
      "mean_cosine_similarity": 0.9317493734962309,
      "std_cosine_similarity": 0.14080737123823028,
      "mean_aligned_tokens": 19.428571428571427
    },
    "flip": {
      "used_samples": 4,
      "mean_kendall_tau": 0.4812340533030188,
      "std_kendall_tau": 0.10084575829400765,
      "mean_top_k_overlap": 0.7749999999999999,
      "std_top_k_overlap": 0.1479019945774904,
      "mean_cosine_similarity": -0.7620100857685995,
      "std_cosine_similarity": 0.10727033469471176,
      "mean_aligned_tokens": 21.5
    }
  }
}