{
  "total_samples": 200,
  "used_samples": 200,
  "fractions": [
    0.1,
    0.2,
    0.30000000000000004,
    0.4,
    0.5,
    0.6000000000000001,
    0.7000000000000001,
    0.8,
    0.9,
    1.0
  ],
  "mask_strategy": "mask",
  "step_fraction": 0.1,
  "random_repeats": 5,
  "aopc_comprehensiveness_mean": 0.46236117761084455,
  "aopc_comprehensiveness_std": 0.23912345623984368,
  "aopc_sufficiency_mean": 0.04603559431660687,
  "aopc_sufficiency_std": 0.10723198488645355,
  "random_aopc_comprehensiveness_mean": 0.2529575026196471,
  "random_aopc_comprehensiveness_std": 0.13410310365121644,
  "random_aopc_sufficiency_mean": 0.1769362476049675,
  "random_aopc_sufficiency_std": 0.1257979760029075,
  "mean_comprehensiveness_curve": [
    0.2622385814365407,
    0.34169978327845457,
    0.4227314909129927,
    0.459222050250537,
    0.46673034628736787,
    0.5497456519502157,
    0.5653077948879218,
    0.5553565340465866,
    0.5228409808315336,
    0.47773856222629546
  ],
  "mean_sufficiency_curve": [
    0.1278462629276328,
    0.0762757949612569,
    0.0549184577120468,
    0.04752771010214928,
    0.04084230171050876,
    0.03005834643961862,
    0.03418322892859578,
    0.026242180727422237,
    0.022461659656837583,
    0.0
  ],
  "mean_random_comprehensiveness_curve": [
    0.05033126956094924,
    0.08949347942619358,
    0.14027292266208677,
    0.16945788454424476,
    0.20295991263422195,
    0.26198631954335716,
    0.30623418212949766,
    0.3809887695008654,
    0.450111723968759,
    0.47773856222629546
  ],
  "mean_random_sufficiency_curve": [
    0.4082990153409771,
    0.3265290322731017,
    0.2648910809303052,
    0.2240931679540082,
    0.1859643448642746,
    0.14899549907589976,
    0.11371940635322239,
    0.06574430909811052,
    0.031126620159775468,
    0.0
  ]
}