{
  "check": "consistency",
  "model_id": "distilbert-base-uncased-finetuned-sst-2-english",
  "total_samples": 200,
  "used_samples": 200,
  "flip_count": 4,
  "flip_rate": 0.02,
  "groups": {
    "no_flip": {
      "used_samples": 196,
      "mean_kendall_tau": 0.4620732877966319,
      "std_kendall_tau": 0.22848915907944295,
      "mean_top_k_overlap": 0.7765306122448979,
      "std_top_k_overlap": 0.1754300956239994,
      "mean_cosine_similarity": 0.8509520184503272,
      "std_cosine_similarity": 0.17805407317851535,
      "mean_aligned_tokens": 17.770408163265305
    },
    "flip": {
      "used_samples": 4,
      "mean_kendall_tau": 0.40840942471377256,
      "std_kendall_tau": 0.11362667025455322,
      "mean_top_k_overlap": 0.7250000000000001,
      "std_top_k_overlap": 0.21650635094610965,
      "mean_cosine_similarity": -0.5768540826530357,
      "std_cosine_similarity": 0.35286492985142903,
      "mean_aligned_tokens": 20.25
    }
  },
  "replace_prob": 0.1,
  "num_samples": 500,
  "max_features": null
}