{
  "total_samples": 200,
  "used_samples": 200,
  "fractions": [
    0.1,
    0.2,
    0.30000000000000004,
    0.4,
    0.5,
    0.6000000000000001,
    0.7000000000000001,
    0.8,
    0.9,
    1.0
  ],
  "mask_strategy": "mask",
  "step_fraction": 0.1,
  "random_repeats": 5,
  "aopc_comprehensiveness_mean": 0.4584797032245915,
  "aopc_comprehensiveness_std": 0.21261021735067762,
  "aopc_sufficiency_mean": 0.041779786044906356,
  "aopc_sufficiency_std": 0.11056359840238218,
  "random_aopc_comprehensiveness_mean": 0.24938977709700993,
  "random_aopc_comprehensiveness_std": 0.1159773041486274,
  "random_aopc_sufficiency_mean": 0.17395379814819606,
  "random_aopc_sufficiency_std": 0.11495400803519044,
  "mean_comprehensiveness_curve": [
    0.301920782449306,
    0.3531149694138003,
    0.38392413577093976,
    0.44598049927590183,
    0.48802110857883235,
    0.5470530018775025,
    0.5416316434310283,
    0.5442114582762588,
    0.5012181024998427,
    0.4777213306725025
  ],
  "mean_sufficiency_curve": [
    0.10997722594533116,
    0.07707937518134714,
    0.06739014077931643,
    0.0646253931953106,
    0.04381824463431258,
    0.018369282123167067,
    0.013482169853523374,
    0.010202621114440263,
    0.01285340762231499,
    0.0
  ],
  "mean_random_comprehensiveness_curve": [
    0.05229660287802106,
    0.09315328674418563,
    0.13657153105684844,
    0.16935333276304307,
    0.19115670189083897,
    0.252213543731399,
    0.3022858427907339,
    0.368662532937946,
    0.45048306550458067,
    0.4777213306725025
  ],
  "mean_random_sufficiency_curve": [
    0.38680828814278356,
    0.3302662994698622,
    0.27155824988108357,
    0.23261593188939148,
    0.187793840562721,
    0.14017928559530993,
    0.10385227624140686,
    0.06374193702242333,
    0.022721872676978817,
    0.0
  ]
}