{
  "check": "consistency",
  "model_id": "models/augmented_augmented_s21",
  "total_samples": 200,
  "used_samples": 200,
  "flip_count": 9,
  "flip_rate": 0.045,
  "groups": {
    "no_flip": {
      "used_samples": 191,
      "mean_kendall_tau": 0.5148262892940221,
      "std_kendall_tau": 0.22005601851303752,
      "mean_top_k_overlap": 0.8,
      "std_top_k_overlap": 0.1684546329157656,
      "mean_cosine_similarity": 0.872707338745074,
      "std_cosine_similarity": 0.181721515796491,
      "mean_aligned_tokens": 17.63350785340314
    },
    "flip": {
      "used_samples": 9,
      "mean_kendall_tau": 0.4812253508398288,
      "std_kendall_tau": 0.14929668300590737,
      "mean_top_k_overlap": 0.7666666666666667,
      "std_top_k_overlap": 0.14907119849998599,
      "mean_cosine_similarity": -0.6217365897018814,
      "std_cosine_similarity": 0.38608568985451014,
      "mean_aligned_tokens": 21.77777777777778
    }
  },
  "replace_prob": 0.1,
  "num_samples": 500,
  "max_features": null
}