{
  "total_samples": 200,
  "used_samples": 190,
  "mean_kendall_tau": 0.8961090312144769,
  "std_kendall_tau": 0.12443947543784101,
  "mean_top_k_overlap": 0.9526315789473684,
  "std_top_k_overlap": 0.07304231688139184,
  "mean_cosine_similarity": 0.9644107013459556,
  "std_cosine_similarity": 0.06567119829607411,
  "mean_aligned_tokens": 20.75263157894737,
  "replace_prob": 0.1
}