{
  "note": "Flip rates use model predictions from consistency CSV (proxy for noise/difficulty).",
  "distribution_shift": {
    "original_rows": 67349,
    "augmented_rows": 6734,
    "js_divergence_unigram": 0.06010125492287366,
    "original_length": {
      "mean": 8.892604196053394,
      "std": 7.486568279303354
    },
    "augmented_length": {
      "mean": 8.995990495990496,
      "std": 7.560162536609227
    }
  },
  "top_tokens": {
    "increased": [
      [
        "it",
        0.0013526568700864983
      ],
      [
        "how",
        0.0005656556012515252
      ],
      [
        "for",
        0.0005054131582091868
      ],
      [
        "non",
        0.0004395517794150818
      ],
      [
        "picture",
        0.00043906003778227504
      ],
      [
        "or",
        0.0004177029718477271
      ],
      [
        "from",
        0.00033103051164932876
      ],
      [
        "that",
        0.0002884853927106936
      ],
      [
        "we",
        0.0002842715629899164
      ],
      [
        "to",
        0.00026673068334043606
      ],
      [
        "nobelium",
        0.0002641179286551445
      ],
      [
        "such",
        0.00024571610838336976
      ],
      [
        "sense",
        0.00024533673885061076
      ],
      [
        "documentary",
        0.00024450068711876134
      ],
      [
        "entropy",
        0.00023110318757325145
      ],
      [
        "helium",
        0.00023110318757325145
      ],
      [
        "while",
        0.00021941764679108962
      ],
      [
        "ve",
        0.00020833621974178254
      ],
      [
        "only",
        0.00020613731521156053
      ],
      [
        "what",
        0.0001972970459250909
      ],
      [
        "without",
        0.000196573366293289
      ],
      [
        "pic",
        0.00019547031712872844
      ],
      [
        "ever",
        0.0001854544818772994
      ],
      [
        "flick",
        0.00018389714844661446
      ],
      [
        "minutes",
        0.0001821525281825167
      ],
      [
        "sec",
        0.00018158107595041186
      ],
      [
        "looks",
        0.00017873580445471981
      ],
      [
        "on",
        0.00017328439326123012
      ],
      [
        "more",
        0.00017252325626274578
      ],
      [
        "make",
        0.0001717947807650111
      ]
    ],
    "decreased": [
      [
        "s",
        -0.002385589069023697
      ],
      [
        "and",
        -0.0009085912712678071
      ],
      [
        "of",
        -0.0007604912103302414
      ],
      [
        "all",
        -0.0007589875409855984
      ],
      [
        "n",
        -0.0006681372200609188
      ],
      [
        "your",
        -0.0005996864870997816
      ],
      [
        "t",
        -0.0005963773396060997
      ],
      [
        "has",
        -0.0005546370992707511
      ],
      [
        "be",
        -0.0005069321247124078
      ],
      [
        "very",
        -0.00047779798335630184
      ],
      [
        "about",
        -0.00041829030004981614
      ],
      [
        "with",
        -0.00041189914719551475
      ],
      [
        "who",
        -0.00037909327434373246
      ],
      [
        "its",
        -0.00037816792028071925
      ],
      [
        "but",
        -0.000348157871893115
      ],
      [
        "characters",
        -0.000328585281522313
      ],
      [
        "this",
        -0.0003196931672713619
      ],
      [
        "as",
        -0.00030484591052928195
      ],
      [
        "film",
        -0.0003014363806003841
      ],
      [
        "in",
        -0.00029978494897260274
      ],
      [
        "too",
        -0.0002993642357680094
      ],
      [
        "one",
        -0.00028634370782229177
      ],
      [
        "art",
        -0.00028259706159325094
      ],
      [
        "story",
        -0.0002626681714585745
      ],
      [
        "world",
        -0.0002550457213696798
      ],
      [
        "better",
        -0.0002511747133757588
      ],
      [
        "time",
        -0.0002473013074488714
      ],
      [
        "makes",
        -0.00024605082675054676
      ],
      [
        "kind",
        -0.0002457487698841195
      ],
      [
        "music",
        -0.000244952573451919
      ]
    ]
  },
  "paired_consistency_proxy": {
    "pairs": 200,
    "flip_rate": 0.05,
    "change_ratio": {
      "mean": 0.06240051450488947,
      "std": 0.07023946756234924
    },
    "change_ratio_flip": {
      "mean": 0.12449171475487264,
      "std": 0.062233498700631204
    },
    "change_ratio_no_flip": {
      "mean": 0.05913255659699563,
      "std": 0.06910724660416694
    }
  }
}