{
  "check": "consistency",
  "model_id": "models\\augmented_augmented_s13",
  "layer": "last",
  "total_samples": 200,
  "used_samples": 200,
  "flip_count": 8,
  "flip_rate": 0.04,
  "groups": {
    "no_flip": {
      "used_samples": 192,
      "mean_kendall_tau": 0.8875875818756204,
      "std_kendall_tau": 0.14981289038351062,
      "mean_top_k_overlap": 0.9541666666666666,
      "std_top_k_overlap": 0.08025566785107592,
      "mean_cosine_similarity": 0.9778397012407222,
      "std_cosine_similarity": 0.04151979734257243,
      "mean_aligned_tokens": 19.197916666666668
    },
    "flip": {
      "used_samples": 8,
      "mean_kendall_tau": 0.7298421181373518,
      "std_kendall_tau": 0.17966048572034593,
      "mean_top_k_overlap": 0.9,
      "std_top_k_overlap": 0.1,
      "mean_cosine_similarity": 0.9529717451327092,
      "std_cosine_similarity": 0.05447770120495341,
      "mean_aligned_tokens": 22.125
    }
  },
  "replace_prob": 0.1
}