{
  "total_samples": 200,
  "used_samples": 200,
  "fractions": [
    0.1,
    0.2,
    0.30000000000000004,
    0.4,
    0.5,
    0.6000000000000001,
    0.7000000000000001,
    0.8,
    0.9,
    1.0
  ],
  "mask_strategy": "mask",
  "step_fraction": 0.1,
  "random_repeats": 5,
  "aopc_comprehensiveness_mean": 0.4385944539076118,
  "aopc_comprehensiveness_std": 0.22463141914069032,
  "aopc_sufficiency_mean": 0.048827740163671474,
  "aopc_sufficiency_std": 0.11911969246392519,
  "random_aopc_comprehensiveness_mean": 0.25641866694974885,
  "random_aopc_comprehensiveness_std": 0.13024439848060632,
  "random_aopc_sufficiency_mean": 0.1835865295596279,
  "random_aopc_sufficiency_std": 0.1289175012431138,
  "mean_comprehensiveness_curve": [
    0.21367504349924274,
    0.3184541963677839,
    0.35229289534632696,
    0.41632979321249874,
    0.4517805586374016,
    0.4875750041595893,
    0.5423304196179379,
    0.5338010590872727,
    0.5394388726353645,
    0.5302666965126991
  ],
  "mean_sufficiency_curve": [
    0.1408619270937743,
    0.0946563589212019,
    0.06605993928445969,
    0.05766357577755116,
    0.029354953804286196,
    0.025277125534048536,
    0.026811736276504235,
    0.0335941143931268,
    0.013997670551761985,
    0.0
  ],
  "mean_random_comprehensiveness_curve": [
    0.0495952166967363,
    0.08588889256065886,
    0.12348181898110852,
    0.14911277010115007,
    0.1863725734322144,
    0.24548831872524893,
    0.30808157727411895,
    0.3903451978316735,
    0.49555360738188,
    0.5302666965126991
  ],
  "mean_random_sufficiency_curve": [
    0.4392282021250249,
    0.3545249162068865,
    0.2747894962934443,
    0.2271664486307564,
    0.19061848078573168,
    0.14312655501291016,
    0.10536699998599947,
    0.06351714745322898,
    0.037527049102296595,
    0.0
  ]
}