{
  "check": "ig_alignment",
  "model_id": "models/augmented",
  "layer": "last",
  "total_samples": 200,
  "used_samples": 200,
  "mean_kendall_tau": 0.1932265474605234,
  "std_kendall_tau": 0.20089901224848986,
  "mean_top_k_overlap": 0.685,
  "std_top_k_overlap": 0.21301408404140795,
  "mean_cosine_similarity": 0.5383984723495776,
  "std_cosine_similarity": 0.29501179531623906,
  "mean_aligned_tokens": 19.545
}