{
  "total_samples": 200,
  "used_samples": 200,
  "fractions": [
    0.1,
    0.2,
    0.30000000000000004,
    0.4,
    0.5,
    0.6000000000000001,
    0.7000000000000001,
    0.8,
    0.9,
    1.0
  ],
  "mask_strategy": "mask",
  "step_fraction": 0.1,
  "random_repeats": 5,
  "aopc_comprehensiveness_mean": 0.44011308179926706,
  "aopc_comprehensiveness_std": 0.25119742230736203,
  "aopc_sufficiency_mean": 0.04943079067661893,
  "aopc_sufficiency_std": 0.12795823553618774,
  "random_aopc_comprehensiveness_mean": 0.2452371650890229,
  "random_aopc_comprehensiveness_std": 0.13856493144620052,
  "random_aopc_sufficiency_mean": 0.16629487486364375,
  "random_aopc_sufficiency_std": 0.1309519160215342,
  "mean_comprehensiveness_curve": [
    0.2520185273526295,
    0.3166576139694371,
    0.3807353650598088,
    0.4244333976002235,
    0.46473646834041576,
    0.5292687256654608,
    0.5420677656290355,
    0.5314153205638286,
    0.4975055931136012,
    0.46229204069823027
  ],
  "mean_sufficiency_curve": [
    0.1384208823973313,
    0.09276850792462937,
    0.06910387672949582,
    0.057297628463711586,
    0.042948159710504114,
    0.03774300983874127,
    0.03527429422363639,
    0.02011242251843214,
    0.0006391249597072601,
    0.0
  ],
  "mean_random_comprehensiveness_curve": [
    0.05784780583754762,
    0.08996017497332648,
    0.1340128040898416,
    0.17402466871251818,
    0.20634512679267222,
    0.24966527807786773,
    0.3006513897306867,
    0.3476123510773759,
    0.4299600109001622,
    0.46229204069823027
  ],
  "mean_random_sufficiency_curve": [
    0.3999561824547419,
    0.30996449231615397,
    0.2456631521521196,
    0.2075566396212963,
    0.17147230731431054,
    0.1308072160614246,
    0.10325235919633992,
    0.06590554313900071,
    0.028370856381050524,
    0.0
  ]
}