{
  "check": "consistency",
  "model_id": "models/augmented",
  "total_samples": 200,
  "used_samples": 191,
  "mean_kendall_tau": 0.48142978321924546,
  "std_kendall_tau": 0.21849521288566168,
  "mean_top_k_overlap": 0.7879581151832461,
  "std_top_k_overlap": 0.17278597457565828,
  "mean_cosine_similarity": 0.8632802091062269,
  "std_cosine_similarity": 0.1367033444379923,
  "mean_aligned_tokens": 17.82198952879581,
  "replace_prob": 0.1,
  "num_samples": 500,
  "max_features": null
}