{
  "total_samples": 200,
  "used_samples": 200,
  "fractions": [
    0.1,
    0.2,
    0.30000000000000004,
    0.4,
    0.5,
    0.6000000000000001,
    0.7000000000000001,
    0.8,
    0.9,
    1.0
  ],
  "mask_strategy": "mask",
  "step_fraction": 0.1,
  "random_repeats": 5,
  "aopc_comprehensiveness_mean": 0.4479368207353109,
  "aopc_comprehensiveness_std": 0.23449497547792406,
  "aopc_sufficiency_mean": 0.06102022619260243,
  "aopc_sufficiency_std": 0.13254851994600372,
  "random_aopc_comprehensiveness_mean": 0.2578946674955601,
  "random_aopc_comprehensiveness_std": 0.13875204689099427,
  "random_aopc_sufficiency_mean": 0.18837649944816953,
  "random_aopc_sufficiency_std": 0.147583406965369,
  "mean_comprehensiveness_curve": [
    0.215057908483941,
    0.31433504464926953,
    0.38629686630825744,
    0.4400614612462232,
    0.4848812512884615,
    0.5535494202602422,
    0.5561406946741044,
    0.5570980527519714,
    0.49775269178673626,
    0.47419481590390206
  ],
  "mean_sufficiency_curve": [
    0.15775023814989253,
    0.11222933480632491,
    0.08549043518840335,
    0.07137089433294022,
    0.05180951516522327,
    0.045334654146572576,
    0.04485549678793177,
    0.03214747175574303,
    0.009214221592992544,
    0.0
  ],
  "mean_random_comprehensiveness_curve": [
    0.06279233537288383,
    0.0978618328545417,
    0.13396620288590202,
    0.17465766165003888,
    0.19600447979650915,
    0.2564654623420211,
    0.3174017321404827,
    0.4015760214601762,
    0.4640261305491438,
    0.47419481590390206
  ],
  "mean_random_sufficiency_curve": [
    0.4228001033265609,
    0.3368465933221742,
    0.2803329138614352,
    0.2375899944567646,
    0.19905853869565182,
    0.15937929531509873,
    0.12019845611930938,
    0.08766765998303892,
    0.03989143940166106,
    0.0
  ]
}