{
  "check": "ig_alignment",
  "model_id": "models/augmented_augmented_s42",
  "layer": "last",
  "total_samples": 200,
  "used_samples": 200,
  "mean_kendall_tau": 0.19472654548189397,
  "std_kendall_tau": 0.21200628350226827,
  "mean_top_k_overlap": 0.685,
  "std_top_k_overlap": 0.216043977004683,
  "mean_cosine_similarity": 0.5419106150103061,
  "std_cosine_similarity": 0.28424485172617536,
  "mean_aligned_tokens": 19.545
}