{
  "check": "ig_alignment",
  "model_id": "models/augmented_augmented_s2024",
  "layer": "last",
  "total_samples": 200,
  "used_samples": 200,
  "mean_kendall_tau": 0.22457247892243815,
  "std_kendall_tau": 0.20831733015455872,
  "mean_top_k_overlap": 0.6940000000000001,
  "std_top_k_overlap": 0.22127810555949726,
  "mean_cosine_similarity": 0.5760904765796908,
  "std_cosine_similarity": 0.31434672348029913,
  "mean_aligned_tokens": 19.46
}