{
  "total_samples": 200,
  "used_samples": 200,
  "fractions": [
    0.1,
    0.2,
    0.30000000000000004,
    0.4,
    0.5,
    0.6000000000000001,
    0.7000000000000001,
    0.8,
    0.9,
    1.0
  ],
  "mask_strategy": "mask",
  "step_fraction": 0.1,
  "random_repeats": 5,
  "aopc_comprehensiveness_mean": 0.43474395660183646,
  "aopc_comprehensiveness_std": 0.2322135822241894,
  "aopc_sufficiency_mean": 0.054941242620931,
  "aopc_sufficiency_std": 0.11974187161762923,
  "random_aopc_comprehensiveness_mean": 0.25730992773751493,
  "random_aopc_comprehensiveness_std": 0.1257801757734061,
  "random_aopc_sufficiency_mean": 0.18059991407582707,
  "random_aopc_sufficiency_std": 0.12701192688644614,
  "mean_comprehensiveness_curve": [
    0.2706306731265795,
    0.3064510371970391,
    0.379400653779594,
    0.43766473110736115,
    0.46587897677527507,
    0.4929677057595109,
    0.5038506882661022,
    0.5270508083765162,
    0.495698559358716,
    0.4678457322716713
  ],
  "mean_sufficiency_curve": [
    0.14271154548041523,
    0.09362332689575852,
    0.0769393996335566,
    0.060162093467079104,
    0.04143723879009485,
    0.05526013695285656,
    0.035567710015457124,
    0.026187492727767676,
    0.01752348224632442,
    0.0
  ],
  "mean_random_comprehensiveness_curve": [
    0.07012537008209621,
    0.09909345396282154,
    0.1249537240772624,
    0.1602438422408304,
    0.21264370488058193,
    0.27512465002844705,
    0.3222028889432547,
    0.389480974701233,
    0.45138493618695064,
    0.4678457322716713
  ],
  "mean_random_sufficiency_curve": [
    0.4016598342714133,
    0.3305470210018103,
    0.27759264746069695,
    0.2370206633813798,
    0.19654509930004135,
    0.1454455811278602,
    0.11192842595695407,
    0.06935529484561993,
    0.035904573412495665,
    0.0
  ]
}