{
  "check": "consistency",
  "model_id": "models/augmented_augmented_s2024",
  "total_samples": 200,
  "used_samples": 200,
  "flip_count": 7,
  "flip_rate": 0.035,
  "groups": {
    "no_flip": {
      "used_samples": 193,
      "mean_kendall_tau": 0.48386985788344855,
      "std_kendall_tau": 0.2292339138163414,
      "mean_top_k_overlap": 0.7751295336787565,
      "std_top_k_overlap": 0.18660620143161352,
      "mean_cosine_similarity": 0.8516044909079679,
      "std_cosine_similarity": 0.1652016910161628,
      "mean_aligned_tokens": 17.854922279792746
    },
    "flip": {
      "used_samples": 7,
      "mean_kendall_tau": 0.42407245219275286,
      "std_kendall_tau": 0.23480902954737717,
      "mean_top_k_overlap": 0.8714285714285716,
      "std_top_k_overlap": 0.1749635530559413,
      "mean_cosine_similarity": -0.34767765890045566,
      "std_cosine_similarity": 0.6613727001788731,
      "mean_aligned_tokens": 12.142857142857142
    }
  },
  "replace_prob": 0.1,
  "num_samples": 500,
  "max_features": null
}