{
  "runs": [
    "baseline_s13",
    "baseline_s21",
    "baseline_s42",
    "baseline_s1337",
    "baseline_s2024"
  ],
  "files": {
    "attention_consistency_summary.json": {
      "flip_count": {
        "mean": 7.4,
        "std": 2.1540659228538015
      },
      "total_samples": {
        "mean": 200.0,
        "std": 0.0
      },
      "layer": {
        "values": [
          "last",
          "last",
          "last",
          "last",
          "last"
        ]
      },
      "model_id": {
        "values": [
          "distilbert-base-uncased-finetuned-sst-2-english",
          "distilbert-base-uncased-finetuned-sst-2-english",
          "distilbert-base-uncased-finetuned-sst-2-english",
          "distilbert-base-uncased-finetuned-sst-2-english",
          "distilbert-base-uncased-finetuned-sst-2-english"
        ]
      },
      "groups": {
        "no_flip": {
          "mean_top_k_overlap": {
            "mean": 0.9548422072543085,
            "std": 0.0023603990012246814
          },
          "mean_cosine_similarity": {
            "mean": 0.9738209955576194,
            "std": 0.002054233242558047
          },
          "std_top_k_overlap": {
            "mean": 0.07556954271417728,
            "std": 0.0044402057255926814
          },
          "std_cosine_similarity": {
            "mean": 0.0563591155232547,
            "std": 0.004756874593173747
          },
          "mean_kendall_tau": {
            "mean": 0.8915930828215505,
            "std": 0.0061984066023778525
          },
          "std_kendall_tau": {
            "mean": 0.14126385841613584,
            "std": 0.008237705296095498
          },
          "used_samples": {
            "mean": 192.6,
            "std": 2.1540659228538015
          },
          "mean_aligned_tokens": {
            "mean": 19.420088708084105,
            "std": 0.14873761175058864
          }
        },
        "flip": {
          "mean_top_k_overlap": {
            "mean": 0.9109444444444446,
            "std": 0.021135658243421635
          },
          "mean_cosine_similarity": {
            "mean": 0.9230283322280931,
            "std": 0.02611105118648243
          },
          "std_top_k_overlap": {
            "mean": 0.07818114009904102,
            "std": 0.027569934858877713
          },
          "std_cosine_similarity": {
            "mean": 0.07252311213588013,
            "std": 0.02125667132563572
          },
          "mean_kendall_tau": {
            "mean": 0.7355603314022618,
            "std": 0.0446589909757142
          },
          "std_kendall_tau": {
            "mean": 0.1607070584205793,
            "std": 0.06690233836324361
          },
          "used_samples": {
            "mean": 7.4,
            "std": 2.1540659228538015
          },
          "mean_aligned_tokens": {
            "mean": 19.569444444444443,
            "std": 2.4084791061867805
          }
        }
      },
      "flip_rate": {
        "mean": 0.037,
        "std": 0.010770329614269008
      },
      "check": {
        "values": [
          "consistency",
          "consistency",
          "consistency",
          "consistency",
          "consistency"
        ]
      },
      "used_samples": {
        "mean": 200.0,
        "std": 0.0
      },
      "replace_prob": {
        "mean": 0.1,
        "std": 0.0
      }
    },
    "attention_ig_alignment_summary.json": {
      "mean_top_k_overlap": {
        "mean": 0.6849000000000001,
        "std": 0.005323532661682481
      },
      "total_samples": {
        "mean": 200.0,
        "std": 0.0
      },
      "layer": {
        "values": [
          "last",
          "last",
          "last",
          "last",
          "last"
        ]
      },
      "std_kendall_tau": {
        "mean": 0.2133180380616387,
        "std": 0.007770261841690863
      },
      "mean_cosine_similarity": {
        "mean": 0.5649583527068105,
        "std": 0.01254987964530582
      },
      "model_id": {
        "values": [
          "distilbert-base-uncased-finetuned-sst-2-english",
          "distilbert-base-uncased-finetuned-sst-2-english",
          "distilbert-base-uncased-finetuned-sst-2-english",
          "distilbert-base-uncased-finetuned-sst-2-english",
          "distilbert-base-uncased-finetuned-sst-2-english"
        ]
      },
      "std_top_k_overlap": {
        "mean": 0.22015851046024276,
        "std": 0.0048867445121643155
      },
      "std_cosine_similarity": {
        "mean": 0.2573645622950848,
        "std": 0.011025397656029836
      },
      "mean_kendall_tau": {
        "mean": 0.19391693499091797,
        "std": 0.008685699211011776
      },
      "check": {
        "values": [
          "ig_alignment",
          "ig_alignment",
          "ig_alignment",
          "ig_alignment",
          "ig_alignment"
        ]
      },
      "used_samples": {
        "mean": 200.0,
        "std": 0.0
      },
      "mean_aligned_tokens": {
        "mean": 19.524,
        "std": 0.07857480512225244
      }
    },
    "consistency_baseline_summary.json": {
      "flip_count": {
        "mean": 7.4,
        "std": 2.1540659228538015
      },
      "total_samples": {
        "mean": 200.0,
        "std": 0.0
      },
      "groups": {
        "no_flip": {
          "mean_top_k_overlap": {
            "mean": 0.9079065606918197,
            "std": 0.002797227958240533
          },
          "mean_cosine_similarity": {
            "mean": 0.9393035974775483,
            "std": 0.0062165467386721416
          },
          "std_top_k_overlap": {
            "mean": 0.126698035659158,
            "std": 0.003411702050578567
          },
          "std_cosine_similarity": {
            "mean": 0.1257092791131846,
            "std": 0.0222075990641879
          },
          "mean_kendall_tau": {
            "mean": 0.7941097004489631,
            "std": 0.009797048523886704
          },
          "std_kendall_tau": {
            "mean": 0.22448495425862447,
            "std": 0.0056578787564982875
          },
          "used_samples": {
            "mean": 192.6,
            "std": 2.1540659228538015
          },
          "mean_aligned_tokens": {
            "mean": 19.420088708084105,
            "std": 0.14873761175058864
          }
        },
        "flip": {
          "mean_top_k_overlap": {
            "mean": 0.7538333333333334,
            "std": 0.045830605979459246
          },
          "mean_cosine_similarity": {
            "mean": -0.5085908849323181,
            "std": 0.17423244950167097
          },
          "std_top_k_overlap": {
            "mean": 0.15523749382359636,
            "std": 0.035708129485719255
          },
          "std_cosine_similarity": {
            "mean": 0.3953586648038706,
            "std": 0.1824483932122018
          },
          "mean_kendall_tau": {
            "mean": 0.35937667377086707,
            "std": 0.06535662009013694
          },
          "std_kendall_tau": {
            "mean": 0.1660806108414877,
            "std": 0.036491889669959324
          },
          "used_samples": {
            "mean": 7.4,
            "std": 2.1540659228538015
          },
          "mean_aligned_tokens": {
            "mean": 19.569444444444443,
            "std": 2.4084791061867805
          }
        }
      },
      "flip_rate": {
        "mean": 0.037,
        "std": 0.010770329614269008
      },
      "used_samples": {
        "mean": 200.0,
        "std": 0.0
      }
    },
    "faithfulness_aopc_summary.json": {
      "mask_strategy": {
        "values": [
          "mask",
          "mask",
          "mask",
          "mask",
          "mask"
        ]
      },
      "aopc_comprehensiveness_std": {
        "mean": 0.23659235927566727,
        "std": 0.006812709927496047
      },
      "total_samples": {
        "mean": 200.0,
        "std": 0.0
      },
      "random_aopc_sufficiency_mean": {
        "mean": 0.18005870181336184,
        "std": 0.006038102290704536
      },