{
  "check": "consistency",
  "model_id": "distilbert-base-uncased-finetuned-sst-2-english",
  "layer": "last",
  "total_samples": 200,
  "used_samples": 200,
  "flip_count": 10,
  "flip_rate": 0.05,
  "groups": {
    "no_flip": {
      "used_samples": 190,
      "mean_kendall_tau": 0.8825742271227137,
      "std_kendall_tau": 0.1484387333337469,
      "mean_top_k_overlap": 0.9552631578947368,
      "std_top_k_overlap": 0.07711020282363018,
      "mean_cosine_similarity": 0.9745235472325925,
      "std_cosine_similarity": 0.05177843021251618,
      "mean_aligned_tokens": 19.431578947368422
    },
    "flip": {
      "used_samples": 10,
      "mean_kendall_tau": 0.7051992956148408,
      "std_kendall_tau": 0.2850573918490403,
      "mean_top_k_overlap": 0.9200000000000002,
      "std_top_k_overlap": 0.059999999999999984,
      "mean_cosine_similarity": 0.8970530479660106,
      "std_cosine_similarity": 0.09907648462601286,
      "mean_aligned_tokens": 19.5
    }
  },
  "replace_prob": 0.1
}