{
  "total_samples": 200,
  "used_samples": 200,
  "flip_count": 10,
  "flip_rate": 0.05,
  "groups": {
    "no_flip": {
      "used_samples": 190,
      "mean_kendall_tau": 0.7843067558857697,
      "std_kendall_tau": 0.22363749223967236,
      "mean_top_k_overlap": 0.906842105263158,
      "std_top_k_overlap": 0.12816735078050956,
      "mean_cosine_similarity": 0.9444938271328238,
      "std_cosine_similarity": 0.09582365070374606,
      "mean_aligned_tokens": 19.431578947368422
    },
    "flip": {
      "used_samples": 10,
      "mean_kendall_tau": 0.3110407183721814,
      "std_kendall_tau": 0.20742511765945357,
      "mean_top_k_overlap": 0.79,
      "std_top_k_overlap": 0.13747727084867523,
      "mean_cosine_similarity": -0.3769557719592138,
      "std_cosine_similarity": 0.4615543490255255,
      "mean_aligned_tokens": 19.5
    }
  }
}