{
  "runs": [
    "augmented_s13",
    "augmented_s21",
    "augmented_s42",
    "augmented_s1337",
    "augmented_s2024"
  ],
  "files": {
    "attention_consistency_summary.json": {
      "layer": {
        "values": [
          "last",
          "last",
          "last",
          "last",
          "last"
        ]
      },
      "groups": {
        "flip": {
          "mean_aligned_tokens": {
            "mean": 19.61801587301587,
            "std": 3.3418254222707753
          },
          "mean_cosine_similarity": {
            "mean": 0.9038858529318858,
            "std": 0.041153812044481056
          },
          "mean_top_k_overlap": {
            "mean": 0.8949206349206349,
            "std": 0.00630140737818386
          },
          "std_cosine_similarity": {
            "mean": 0.08600764470799792,
            "std": 0.02489966046280474
          },
          "std_top_k_overlap": {
            "mean": 0.08506035120884013,
            "std": 0.014058508672194258
          },
          "std_kendall_tau": {
            "mean": 0.1854035956282223,
            "std": 0.04253411300536471
          },
          "mean_kendall_tau": {
            "mean": 0.6912373368216652,
            "std": 0.055627783664907414
          },
          "used_samples": {
            "mean": 8.2,
            "std": 1.1661903789690602
          }
        },
        "no_flip": {
          "mean_aligned_tokens": {
            "mean": 19.40939197043486,
            "std": 0.15052559403398397
          },
          "mean_cosine_similarity": {
            "mean": 0.9746280726537732,
            "std": 0.002701445050043693
          },
          "mean_top_k_overlap": {
            "mean": 0.9515025423676382,
            "std": 0.002370576160142251
          },
          "std_cosine_similarity": {
            "mean": 0.0508194301755963,
            "std": 0.008584190710985122
          },
          "std_top_k_overlap": {
            "mean": 0.08058898929872717,
            "std": 0.006741239456179438
          },
          "std_kendall_tau": {
            "mean": 0.14397608536022727,
            "std": 0.009024587435434547
          },
          "mean_kendall_tau": {
            "mean": 0.8875594691939099,
            "std": 0.004883950523926386
          },
          "used_samples": {
            "mean": 191.8,
            "std": 1.1661903789690602
          }
        }
      },
      "total_samples": {
        "mean": 200.0,
        "std": 0.0
      },
      "model_id": {
        "values": [
          "models/augmented_augmented_s13",
          "models/augmented_augmented_s21",
          "models/augmented_augmented_s42",
          "models/augmented_augmented_s1337",
          "models/augmented_augmented_s2024"
        ]
      },
      "replace_prob": {
        "mean": 0.1,
        "std": 0.0
      },
      "flip_rate": {
        "mean": 0.041,
        "std": 0.0058309518948452994
      },
      "check": {
        "values": [
          "consistency",
          "consistency",
          "consistency",
          "consistency",
          "consistency"
        ]
      },
      "flip_count": {
        "mean": 8.2,
        "std": 1.1661903789690602
      },
      "used_samples": {
        "mean": 200.0,
        "std": 0.0
      }
    },
    "attention_ig_alignment_summary.json": {
      "layer": {
        "values": [
          "last",
          "last",
          "last",
          "last",
          "last"
        ]
      },
      "mean_aligned_tokens": {
        "mean": 19.524,
        "std": 0.07857480512225244
      },
      "mean_cosine_similarity": {
        "mean": 0.5484686577953506,
        "std": 0.014817732099051722
      },
      "total_samples": {
        "mean": 200.0,
        "std": 0.0
      },
      "mean_top_k_overlap": {
        "mean": 0.6858000000000001,
        "std": 0.005608921464952045
      },
      "model_id": {
        "values": [
          "models/augmented_augmented_s13",
          "models/augmented_augmented_s21",
          "models/augmented_augmented_s42",
          "models/augmented_augmented_s1337",
          "models/augmented_augmented_s2024"
        ]
      },
      "std_cosine_similarity": {
        "mean": 0.28628511456448924,
        "std": 0.01551602158287536
      },
      "std_top_k_overlap": {
        "mean": 0.21799887806060642,
        "std": 0.0018409683095772927
      },
      "std_kendall_tau": {
        "mean": 0.20773913656542228,
        "std": 0.0049249091355362635
      },
      "check": {
        "values": [
          "ig_alignment",
          "ig_alignment",
          "ig_alignment",
          "ig_alignment",
          "ig_alignment"
        ]
      },
      "mean_kendall_tau": {
        "mean": 0.19524170742715738,
        "std": 0.01573507287926681
      },
      "used_samples": {
        "mean": 200.0,
        "std": 0.0
      }
    },
    "consistency_baseline_summary.json": {
      "groups": {
        "flip": {
          "mean_aligned_tokens": {
            "mean": 19.61801587301587,
            "std": 3.3418254222707753
          },
          "mean_cosine_similarity": {
            "mean": -0.4967317396839358,
            "std": 0.1703682203638514
          },
          "mean_top_k_overlap": {
            "mean": 0.7609761904761905,
            "std": 0.044396201140829136
          },
          "std_cosine_similarity": {
            "mean": 0.4408805895560783,
            "std": 0.10631793050309189
          },
          "std_top_k_overlap": {
            "mean": 0.14254434880516992,
            "std": 0.020795824904548205
          },
          "std_kendall_tau": {
            "mean": 0.20645605407599277,
            "std": 0.0284556272706518
          },
          "mean_kendall_tau": {
            "mean": 0.37230432943787406,
            "std": 0.09273947179177412
          },
          "used_samples": {
            "mean": 8.2,
            "std": 1.1661903789690602
          }
        },
        "no_flip": {
          "mean_aligned_tokens": {
            "mean": 19.40939197043486,
            "std": 0.15052559403398397
          },
          "mean_cosine_similarity": {
            "mean": 0.9397472906529147,
            "std": 0.0068802231272239505
          },
          "mean_top_k_overlap": {
            "mean": 0.9057364672583311,
            "std": 0.004679456495425848
          },
          "std_cosine_similarity": {
            "mean": 0.11540433520534035,
            "std": 0.022610898990412808
          },
          "std_top_k_overlap": {
            "mean": 0.12567124392121753,
            "std": 0.00614652598826971
          },
          "std_kendall_tau": {
            "mean": 0.23418691039559564,
            "std": 0.00641548558937983
          },
          "mean_kendall_tau": {
            "mean": 0.7859982666095815,
            "std": 0.009248967725735625
          },
          "used_samples": {
            "mean": 191.8,
            "std": 1.1661903789690602
          }
        }
      },
      "total_samples": {
        "mean": 200.0,
        "std": 0.0
      },
      "flip_rate": {
        "mean": 0.041,
        "std": 0.0058309518948452994
      },
      "flip_count": {
        "mean": 8.2,
        "std": 1.1661903789690602
      },
      "used_samples": {
        "mean": 200.0,
        "std": 0.0
      }
    },
    "faithfulness_aopc_summary.json": {
      "random_repeats": {
        "mean": 5.0,
        "std": 0.0
      },
      "aopc_comprehensiveness_std": {
        "mean": 0.22864295347784833,
        "std": 0.012896285881195827
      },
      "random_aopc_comprehensiveness_std": {
        "mean": 0.1289691434526056,
        "std": 0.007757015138460768
      },
      "aopc_sufficiency_mean": {
        "mean": 0.05168839473686202,
        "std": 0.007220376722190096
      },
      "aopc_comprehensiveness_mean": {
        "mean": 0.4388934293273043,
        "std": 0.011575701113837258
      },