{
  "check": "ig_alignment",
  "model_id": "distilbert-base-uncased-finetuned-sst-2-english",
  "layer": "last",
  "total_samples": 200,
  "used_samples": 200,
  "mean_kendall_tau": 0.19392649897435177,
  "std_kendall_tau": 0.22334203242301806,
  "mean_top_k_overlap": 0.6794999999999999,
  "std_top_k_overlap": 0.22120070072221742,
  "mean_cosine_similarity": 0.5607921403266708,
  "std_cosine_similarity": 0.2603955217480894,
  "mean_aligned_tokens": 19.625
}