{
  "check": "consistency",
  "model_id": "distilbert-base-uncased-finetuned-sst-2-english",
  "layer": "last",
  "total_samples": 200,
  "used_samples": 200,
  "flip_count": 8,
  "flip_rate": 0.04,
  "groups": {
    "no_flip": {
      "used_samples": 192,
      "mean_kendall_tau": 0.9009629940991664,
      "std_kendall_tau": 0.12520103405797842,
      "mean_top_k_overlap": 0.9552083333333335,
      "std_top_k_overlap": 0.06672360849471164,
      "mean_cosine_similarity": 0.9752155466474169,
      "std_cosine_similarity": 0.05706621370632963,
      "mean_aligned_tokens": 19.588541666666668
    },
    "flip": {
      "used_samples": 8,
      "mean_kendall_tau": 0.7210526421624819,
      "std_kendall_tau": 0.10030250603147069,
      "mean_top_k_overlap": 0.9375,
      "std_top_k_overlap": 0.09921567416492216,
      "mean_cosine_similarity": 0.8977391261708579,
      "std_cosine_similarity": 0.0942447319420003,
      "mean_aligned_tokens": 17.625
    }
  },
  "replace_prob": 0.1
}