{
  "total_samples": 200,
  "used_samples": 200,
  "flip_count": 8,
  "flip_rate": 0.04,
  "groups": {
    "no_flip": {
      "used_samples": 192,
      "mean_kendall_tau": 0.8027930891915404,
      "std_kendall_tau": 0.21785320506997968,
      "mean_top_k_overlap": 0.9072916666666666,
      "std_top_k_overlap": 0.1239495795228402,
      "mean_cosine_similarity": 0.9461131360543179,
      "std_cosine_similarity": 0.11974414529449798,
      "mean_aligned_tokens": 19.588541666666668
    },
    "flip": {
      "used_samples": 8,
      "mean_kendall_tau": 0.2975693026779983,
      "std_kendall_tau": 0.17055713260057148,
      "mean_top_k_overlap": 0.7875,
      "std_top_k_overlap": 0.15360257159305635,
      "mean_cosine_similarity": -0.37691253895485655,
      "std_cosine_similarity": 0.5070280551398806,
      "mean_aligned_tokens": 17.625
    }
  }
}