{
  "total_samples": 200,
  "used_samples": 200,
  "fractions": [
    0.1,
    0.2,
    0.30000000000000004,
    0.4,
    0.5,
    0.6000000000000001,
    0.7000000000000001,
    0.8,
    0.9,
    1.0
  ],
  "mask_strategy": "mask",
  "step_fraction": 0.1,
  "random_repeats": 5,
  "aopc_comprehensiveness_mean": 0.4634360716461524,
  "aopc_comprehensiveness_std": 0.24844281309923685,
  "aopc_sufficiency_mean": 0.042741475421338694,
  "aopc_sufficiency_std": 0.11404000300248664,
  "random_aopc_comprehensiveness_mean": 0.2493644565434537,
  "random_aopc_comprehensiveness_std": 0.1472106240453649,
  "random_aopc_sufficiency_mean": 0.18186051799025882,
  "random_aopc_sufficiency_std": 0.14035810352170094,
  "mean_comprehensiveness_curve": [
    0.26621413685810696,
    0.36680692337955406,
    0.4057780788127275,
    0.45667245465650924,
    0.5219895800514496,
    0.5433996664994629,
    0.5559878536826,
    0.5312968323368114,
    0.49949617181438954,
    0.4867190183699131
  ],
  "mean_sufficiency_curve": [
    0.13848768279887735,
    0.08379216574598104,
    0.06012970432828297,
    0.03783465922577307,
    0.043340945213858506,
    0.025421920012449847,
    0.016282247339840978,
    0.015150086749345064,
    0.00697534279897809,
    0.0
  ],
  "mean_random_comprehensiveness_curve": [
    0.05787725189549382,
    0.09859094187783925,
    0.13753052068621036,
    0.16067667229312066,
    0.1925556107043812,
    0.2548500114622293,
    0.2997918652876395,
    0.36966704309737525,
    0.43538562976033435,
    0.4867190183699131
  ],
  "mean_random_sufficiency_curve": [
    0.3934171909520516,
    0.3326268372098858,
    0.2857474021760572,
    0.23789540800789843,
    0.19617498026872635,
    0.15172510223559216,
    0.10828816239975277,
    0.07234035601951473,
    0.04038974063310889,
    0.0
  ]
}