{
  "check": "consistency",
  "model_id": "distilbert-base-uncased-finetuned-sst-2-english",
  "total_samples": 200,
  "used_samples": 200,
  "flip_count": 8,
  "flip_rate": 0.04,
  "groups": {
    "no_flip": {
      "used_samples": 192,
      "mean_kendall_tau": 0.4747650510623063,
      "std_kendall_tau": 0.22479374599377042,
      "mean_top_k_overlap": 0.7708333333333334,
      "std_top_k_overlap": 0.18759256974150715,
      "mean_cosine_similarity": 0.8683845451264216,
      "std_cosine_similarity": 0.15364882842710048,
      "mean_aligned_tokens": 17.880208333333332
    },
    "flip": {
      "used_samples": 8,
      "mean_kendall_tau": 0.4475362047653069,
      "std_kendall_tau": 0.20909742975491932,
      "mean_top_k_overlap": 0.775,
      "std_top_k_overlap": 0.1920286436967152,
      "mean_cosine_similarity": -0.7450521239798358,
      "std_cosine_similarity": 0.1270700791609345,
      "mean_aligned_tokens": 16.125
    }
  },
  "replace_prob": 0.1,
  "num_samples": 500,
  "max_features": null
}