{
  "check": "consistency",
  "model_id": "distilbert-base-uncased-finetuned-sst-2-english",
  "layer": "last",
  "total_samples": 200,
  "used_samples": 200,
  "flip_count": 9,
  "flip_rate": 0.045,
  "groups": {
    "no_flip": {
      "used_samples": 191,
      "mean_kendall_tau": 0.8933701966674307,
      "std_kendall_tau": 0.14270591708779978,
      "mean_top_k_overlap": 0.9554973821989531,
      "std_top_k_overlap": 0.0783243273506209,
      "mean_cosine_similarity": 0.9735536036126928,
      "std_cosine_similarity": 0.05840153842083257,
      "mean_aligned_tokens": 19.146596858638745
    },
    "flip": {
      "used_samples": 9,
      "mean_kendall_tau": 0.7830877789874118,
      "std_kendall_tau": 0.1750044103782065,
      "mean_top_k_overlap": 0.8888888888888888,
      "std_top_k_overlap": 0.11967032904743342,
      "mean_cosine_similarity": 0.950734900653898,
      "std_cosine_similarity": 0.06113711574891062,
      "mean_aligned_tokens": 22.88888888888889
    }
  },
  "replace_prob": 0.1
}