{
  "total_samples": 200,
  "used_samples": 200,
  "flip_count": 9,
  "flip_rate": 0.045,
  "groups": {
    "no_flip": {
      "used_samples": 191,
      "mean_kendall_tau": 0.8052480167719054,
      "std_kendall_tau": 0.2189637441404241,
      "mean_top_k_overlap": 0.91151832460733,
      "std_top_k_overlap": 0.1226807819975835,
      "mean_cosine_similarity": 0.9422272433037772,
      "std_cosine_similarity": 0.11269903008264083,
      "mean_aligned_tokens": 19.146596858638745
    },
    "flip": {
      "used_samples": 9,
      "mean_kendall_tau": 0.3416223203122327,
      "std_kendall_tau": 0.19135749873986907,
      "mean_top_k_overlap": 0.6666666666666666,
      "std_top_k_overlap": 0.11547005383792518,
      "mean_cosine_similarity": -0.6760918558475412,
      "std_cosine_similarity": 0.2765224690753938,
      "mean_aligned_tokens": 22.88888888888889
    }
  }
}