{
  "total_samples": 200,
  "used_samples": 200,
  "fractions": [
    0.1,
    0.2,
    0.30000000000000004,
    0.4,
    0.5,
    0.6000000000000001,
    0.7000000000000001,
    0.8,
    0.9,
    1.0
  ],
  "mask_strategy": "mask",
  "step_fraction": 0.1,
  "random_repeats": 5,
  "aopc_comprehensiveness_mean": 0.4221189079877367,
  "aopc_comprehensiveness_std": 0.2288107671652228,
  "aopc_sufficiency_mean": 0.059999303823125946,
  "aopc_sufficiency_std": 0.14359826236776263,
  "random_aopc_comprehensiveness_mean": 0.2451740483924179,
  "random_aopc_comprehensiveness_std": 0.1336338080531124,
  "random_aopc_sufficiency_mean": 0.17041068074458743,
  "random_aopc_sufficiency_std": 0.13655563805911017,
  "mean_comprehensiveness_curve": [
    0.2215393088091514,
    0.27635724398554884,
    0.31232975260965756,
    0.36905354930902834,
    0.3981686843978241,
    0.5195851641410263,
    0.5351185214001453,
    0.5532464831811376,
    0.5371879804134368,
    0.49860239163041115
  ],
  "mean_sufficiency_curve": [
    0.1377806251282891,
    0.09988987362361514,
    0.07527822595002362,
    0.08706105707678943,
    0.06979339353070828,
    0.05332415533834137,
    0.03783805880113505,
    0.023362384205684067,
    0.01566526457667351,
    0.0
  ],
  "mean_random_comprehensiveness_curve": [
    0.05799424172836006,
    0.08584582422912353,
    0.11805112908482268,
    0.14435549391685346,
    0.1795455183400044,
    0.232761514155194,
    0.29342877473629775,
    0.36562925057631224,
    0.4755263455267997,
    0.49860239163041115
  ],
  "mean_random_sufficiency_curve": [
    0.40751507952755484,
    0.32368640496215095,
    0.2542493714466693,
    0.213490200663815,
    0.17285439883943773,
    0.13393174784512665,
    0.09756646070837455,
    0.06406644155702086,
    0.036746701895724966,
    0.0
  ]
}