{
  "check": "ig_alignment",
  "model_id": "models/augmented_augmented_s1337",
  "layer": "last",
  "total_samples": 200,
  "used_samples": 200,
  "mean_kendall_tau": 0.17782405844151317,
  "std_kendall_tau": 0.21344964996979535,
  "mean_top_k_overlap": 0.6765000000000001,
  "std_top_k_overlap": 0.21725043153006623,
  "mean_cosine_similarity": 0.5336700695684926,
  "std_cosine_similarity": 0.2860288288835679,
  "mean_aligned_tokens": 19.625
}