{
  "total_samples": 200,
  "used_samples": 200,
  "fractions": [
    0.1,
    0.2,
    0.30000000000000004,
    0.4,
    0.5,
    0.6000000000000001,
    0.7000000000000001,
    0.8,
    0.9,
    1.0
  ],
  "mask_strategy": "mask",
  "step_fraction": 0.1,
  "random_repeats": 5,
  "aopc_comprehensiveness_mean": 0.4225359511032147,
  "aopc_comprehensiveness_std": 0.22256212636632236,
  "aopc_sufficiency_mean": 0.06346241417818237,
  "aopc_sufficiency_std": 0.11789540409351015,
  "random_aopc_comprehensiveness_mean": 0.25644728993336463,
  "random_aopc_comprehensiveness_std": 0.13427890741418755,
  "random_aopc_sufficiency_mean": 0.17389708404188425,
  "random_aopc_sufficiency_std": 0.119208987420506,
  "mean_comprehensiveness_curve": [
    0.24856911038179533,
    0.3166690216111601,
    0.38050349725512206,
    0.4157946863146208,
    0.4550795921985991,
    0.4989824007102288,
    0.4991247065382777,
    0.46847462467849255,
    0.47185927391052246,
    0.47030259743332864
  ],
  "mean_sufficiency_curve": [
    0.1881465238914825,
    0.13807966202963143,
    0.07047512739896775,
    0.05229623733088374,
    0.05609328396618366,
    0.050518829027423634,
    0.041431712170597164,
    0.029109019562602045,
    0.00847374640405178,
    0.0
  ],
  "mean_random_comprehensiveness_curve": [
    0.06301270655592091,
    0.10977637222741032,
    0.15761842479914784,
    0.17759622161455632,
    0.2137991568750295,
    0.26175663356081336,
    0.30638042346749006,
    0.371804565601982,
    0.4324257971979679,
    0.47030259743332864
  ],
  "mean_random_sufficiency_curve": [
    0.3941288826719392,
    0.3147466385548468,
    0.2557885302698707,
    0.22394208652246758,
    0.19087157226313128,
    0.14114461245073476,
    0.10635946904688903,
    0.07696036346026815,
    0.03502868517869499,
    0.0
  ]
}